Center_X,Center_Y,Counts
-2.702923013045944,8.890114961465073,50.0
4.608404434892748,2.16998192002575,50.0
